country,subnational1,area_ha,year,carbon_gross_emissions
Malaysia,Sarawak,12379545,2001,50220307
Malaysia,Sabah,7372091,2001,30504940
Malaysia,Pahang,3585238,2001,15513022
Malaysia,Johor,1911485,2001,14080994
Malaysia,Kelantan,1513205,2001,4294011
Malaysia,Perak,2091110,2001,3305594
Malaysia,Terengganu,1288895,2001,3323453
Malaysia,Negeri Sembilan,666738,2001,5649208
Malaysia,Kedah,951787,2001,1257422
Malaysia,Selangor,782443,2001,4094673
Malaysia,Melaka,165403,2001,816616
Malaysia,Pulau Pinang,105622,2001,16438
Malaysia,Perlis,82349,2001,114229
Malaysia,Kuala Lumpur,27198,2001,16189
Malaysia,Labuan,9066,2001,11563
Malaysia,Putrajaya,6173,2001,8546
Malaysia,Sarawak,12379545,2002,52419183
Malaysia,Sabah,7372091,2002,29345748
Malaysia,Pahang,3585238,2002,21121808
Malaysia,Johor,1911485,2002,13434658
Malaysia,Kelantan,1513205,2002,3870165
Malaysia,Perak,2091110,2002,4718963
Malaysia,Terengganu,1288895,2002,3805825
Malaysia,Negeri Sembilan,666738,2002,6817518
Malaysia,Kedah,951787,2002,3540028
Malaysia,Selangor,782443,2002,3378792
Malaysia,Melaka,165403,2002,796675
Malaysia,Pulau Pinang,105622,2002,61336
Malaysia,Perlis,82349,2002,58343
Malaysia,Kuala Lumpur,27198,2002,55547
Malaysia,Labuan,9066,2002,10525
Malaysia,Putrajaya,6173,2002,13642
Malaysia,Sarawak,12379545,2003,60203695
Malaysia,Sabah,7372091,2003,18733443
Malaysia,Pahang,3585238,2003,9584388
Malaysia,Johor,1911485,2003,5045020
Malaysia,Kelantan,1513205,2003,3040321
Malaysia,Perak,2091110,2003,2615259
Malaysia,Terengganu,1288895,2003,2068182
Malaysia,Negeri Sembilan,666738,2003,2415427
Malaysia,Kedah,951787,2003,2069481
Malaysia,Selangor,782443,2003,1509357
Malaysia,Melaka,165403,2003,439689
Malaysia,Pulau Pinang,105622,2003,54152
Malaysia,Perlis,82349,2003,19280
Malaysia,Kuala Lumpur,27198,2003,22927
Malaysia,Labuan,9066,2003,7148
Malaysia,Putrajaya,6173,2003,9217
Malaysia,Sarawak,12379545,2004,91244840
Malaysia,Sabah,7372091,2004,43712671
Malaysia,Pahang,3585238,2004,21889527
Malaysia,Johor,1911485,2004,15639807
Malaysia,Kelantan,1513205,2004,6649602
Malaysia,Perak,2091110,2004,3819849
Malaysia,Terengganu,1288895,2004,6278519
Malaysia,Negeri Sembilan,666738,2004,2996328
Malaysia,Kedah,951787,2004,3310479
Malaysia,Selangor,782443,2004,3490271
Malaysia,Melaka,165403,2004,485070
Malaysia,Pulau Pinang,105622,2004,82698
Malaysia,Perlis,82349,2004,36824
Malaysia,Kuala Lumpur,27198,2004,75157
Malaysia,Labuan,9066,2004,5786
Malaysia,Putrajaya,6173,2004,7440
Malaysia,Sarawak,12379545,2005,103637432
Malaysia,Sabah,7372091,2005,39521412
Malaysia,Pahang,3585238,2005,31515413
Malaysia,Johor,1911485,2005,18440835
Malaysia,Kelantan,1513205,2005,6385643
Malaysia,Perak,2091110,2005,6203257
Malaysia,Terengganu,1288895,2005,5134323
Malaysia,Negeri Sembilan,666738,2005,4580737
Malaysia,Kedah,951787,2005,3698004
Malaysia,Selangor,782443,2005,3621544
Malaysia,Melaka,165403,2005,1547516
Malaysia,Pulau Pinang,105622,2005,112505
Malaysia,Perlis,82349,2005,75352
Malaysia,Kuala Lumpur,27198,2005,36953
Malaysia,Labuan,9066,2005,13302
Malaysia,Putrajaya,6173,2005,3807
Malaysia,Sarawak,12379545,2006,97956150
Malaysia,Sabah,7372091,2006,44465205
Malaysia,Pahang,3585238,2006,23872638
Malaysia,Johor,1911485,2006,15209180
Malaysia,Kelantan,1513205,2006,6363530
Malaysia,Perak,2091110,2006,4212511
Malaysia,Terengganu,1288895,2006,4756703
Malaysia,Negeri Sembilan,666738,2006,3269610
Malaysia,Kedah,951787,2006,4106015
Malaysia,Selangor,782443,2006,1770912
Malaysia,Melaka,165403,2006,807212
Malaysia,Pulau Pinang,105622,2006,95729
Malaysia,Perlis,82349,2006,30347
Malaysia,Kuala Lumpur,27198,2006,36568
Malaysia,Labuan,9066,2006,11292
Malaysia,Putrajaya,6173,2006,1500
Malaysia,Sarawak,12379545,2007,152903678
Malaysia,Sabah,7372091,2007,35082789
Malaysia,Pahang,3585238,2007,23869649
Malaysia,Johor,1911485,2007,17115978
Malaysia,Kelantan,1513205,2007,13960966
Malaysia,Perak,2091110,2007,6848048
Malaysia,Terengganu,1288895,2007,4993286
Malaysia,Negeri Sembilan,666738,2007,4845624
Malaysia,Kedah,951787,2007,3179279
Malaysia,Selangor,782443,2007,3646279
Malaysia,Melaka,165403,2007,1396922
Malaysia,Pulau Pinang,105622,2007,78606
Malaysia,Perlis,82349,2007,34508
Malaysia,Kuala Lumpur,27198,2007,26549
Malaysia,Labuan,9066,2007,23850
Malaysia,Putrajaya,6173,2007,4369
Malaysia,Sarawak,12379545,2008,140234290
Malaysia,Sabah,7372091,2008,47199903
Malaysia,Pahang,3585238,2008,17733488
Malaysia,Johor,1911485,2008,8309024
Malaysia,Kelantan,1513205,2008,7472625
Malaysia,Perak,2091110,2008,5118860
Malaysia,Terengganu,1288895,2008,6086549
Malaysia,Negeri Sembilan,666738,2008,4506273
Malaysia,Kedah,951787,2008,5351493
Malaysia,Selangor,782443,2008,2715750
Malaysia,Melaka,165403,2008,910917
Malaysia,Pulau Pinang,105622,2008,78580
Malaysia,Perlis,82349,2008,31794
Malaysia,Kuala Lumpur,27198,2008,27813
Malaysia,Labuan,9066,2008,20062
Malaysia,Putrajaya,6173,2008,692
Malaysia,Sarawak,12379545,2009,253369034
Malaysia,Sabah,7372091,2009,55672027
Malaysia,Pahang,3585238,2009,29796939
Malaysia,Johor,1911485,2009,21384172
Malaysia,Kelantan,1513205,2009,19492397
Malaysia,Perak,2091110,2009,9814619
Malaysia,Terengganu,1288895,2009,8730869
Malaysia,Negeri Sembilan,666738,2009,9115080
Malaysia,Kedah,951787,2009,4130121
Malaysia,Selangor,782443,2009,6326792
Malaysia,Melaka,165403,2009,1455432
Malaysia,Pulau Pinang,105622,2009,151630
Malaysia,Perlis,82349,2009,93921
Malaysia,Kuala Lumpur,27198,2009,39754
Malaysia,Labuan,9066,2009,18570
Malaysia,Putrajaya,6173,2009,5555
Malaysia,Sarawak,12379545,2010,117525138
Malaysia,Sabah,7372091,2010,50929834
Malaysia,Pahang,3585238,2010,30006073
Malaysia,Johor,1911485,2010,13599835
Malaysia,Kelantan,1513205,2010,19433725
Malaysia,Perak,2091110,2010,8634580
Malaysia,Terengganu,1288895,2010,10074527
Malaysia,Negeri Sembilan,666738,2010,2531501
Malaysia,Kedah,951787,2010,6951273
Malaysia,Selangor,782443,2010,4036288
Malaysia,Melaka,165403,2010,264055
Malaysia,Pulau Pinang,105622,2010,165503
Malaysia,Perlis,82349,2010,64461
Malaysia,Kuala Lumpur,27198,2010,39292
Malaysia,Labuan,9066,2010,12448
Malaysia,Putrajaya,6173,2010,1694
Malaysia,Sarawak,12379545,2011,167511455
Malaysia,Sabah,7372091,2011,39326584
Malaysia,Pahang,3585238,2011,26541969
Malaysia,Johor,1911485,2011,24365470
Malaysia,Kelantan,1513205,2011,13752514
Malaysia,Perak,2091110,2011,9433174
Malaysia,Terengganu,1288895,2011,6143847
Malaysia,Negeri Sembilan,666738,2011,7957214
Malaysia,Kedah,951787,2011,4426538
Malaysia,Selangor,782443,2011,1394515
Malaysia,Melaka,165403,2011,1261246
Malaysia,Pulau Pinang,105622,2011,96167
Malaysia,Perlis,82349,2011,26214
Malaysia,Kuala Lumpur,27198,2011,17537
Malaysia,Labuan,9066,2011,30160
Malaysia,Putrajaya,6173,2011,1703
Malaysia,Sarawak,12379545,2012,225940181
Malaysia,Sabah,7372091,2012,56421384
Malaysia,Pahang,3585238,2012,48103725
Malaysia,Johor,1911485,2012,15733919
Malaysia,Kelantan,1513205,2012,24206068
Malaysia,Perak,2091110,2012,9479235
Malaysia,Terengganu,1288895,2012,9024779
Malaysia,Negeri Sembilan,666738,2012,12982002
Malaysia,Kedah,951787,2012,5107978
Malaysia,Selangor,782443,2012,2650491
Malaysia,Melaka,165403,2012,1088913
Malaysia,Pulau Pinang,105622,2012,116669
Malaysia,Perlis,82349,2012,39986
Malaysia,Kuala Lumpur,27198,2012,25988
Malaysia,Labuan,9066,2012,65894
Malaysia,Putrajaya,6173,2012,1953
Malaysia,Sarawak,12379545,2013,100817758
Malaysia,Sabah,7372091,2013,29061513
Malaysia,Pahang,3585238,2013,21622693
Malaysia,Johor,1911485,2013,8531067
Malaysia,Kelantan,1513205,2013,11298874
Malaysia,Perak,2091110,2013,5597916
Malaysia,Terengganu,1288895,2013,6025767
Malaysia,Negeri Sembilan,666738,2013,3280956
Malaysia,Kedah,951787,2013,3816707
Malaysia,Selangor,782443,2013,1287901
Malaysia,Melaka,165403,2013,470081
Malaysia,Pulau Pinang,105622,2013,49712
Malaysia,Perlis,82349,2013,59672
Malaysia,Kuala Lumpur,27198,2013,978
Malaysia,Labuan,9066,2013,9577
Malaysia,Putrajaya,6173,2013,1502
Malaysia,Sarawak,12379545,2014,170897158
Malaysia,Sabah,7372091,2014,68404103
Malaysia,Pahang,3585238,2014,43501482
Malaysia,Johor,1911485,2014,19167657
Malaysia,Kelantan,1513205,2014,26676856
Malaysia,Perak,2091110,2014,12186622
Malaysia,Terengganu,1288895,2014,8837484
Malaysia,Negeri Sembilan,666738,2014,7768059
Malaysia,Kedah,951787,2014,8717694
Malaysia,Selangor,782443,2014,7218670
Malaysia,Melaka,165403,2014,2027517
Malaysia,Pulau Pinang,105622,2014,154364
Malaysia,Perlis,82349,2014,182505
Malaysia,Kuala Lumpur,27198,2014,26992
Malaysia,Labuan,9066,2014,37099
Malaysia,Putrajaya,6173,2014,4885
Malaysia,Sarawak,12379545,2015,112170381
Malaysia,Sabah,7372091,2015,51989474
Malaysia,Pahang,3585238,2015,31278330
Malaysia,Johor,1911485,2015,11703403
Malaysia,Kelantan,1513205,2015,16326586
Malaysia,Perak,2091110,2015,9330592
Malaysia,Terengganu,1288895,2015,7764499
Malaysia,Negeri Sembilan,666738,2015,4891627
Malaysia,Kedah,951787,2015,8274821
Malaysia,Selangor,782443,2015,1964783
Malaysia,Melaka,165403,2015,1105845
Malaysia,Pulau Pinang,105622,2015,118358
Malaysia,Perlis,82349,2015,124123
Malaysia,Kuala Lumpur,27198,2015,16435
Malaysia,Labuan,9066,2015,44576
Malaysia,Putrajaya,6173,2015,4485
Malaysia,Sarawak,12379545,2016,118705219
Malaysia,Sabah,7372091,2016,54136001
Malaysia,Pahang,3585238,2016,55409537
Malaysia,Johor,1911485,2016,17855981
Malaysia,Kelantan,1513205,2016,18271263
Malaysia,Perak,2091110,2016,12251099
Malaysia,Terengganu,1288895,2016,11366984
Malaysia,Negeri Sembilan,666738,2016,8353096
Malaysia,Kedah,951787,2016,9518175
Malaysia,Selangor,782443,2016,3989146
Malaysia,Melaka,165403,2016,2256715
Malaysia,Pulau Pinang,105622,2016,168551
Malaysia,Perlis,82349,2016,240288
Malaysia,Kuala Lumpur,27198,2016,21972
Malaysia,Labuan,9066,2016,65514
Malaysia,Putrajaya,6173,2016,11358
Malaysia,Sarawak,12379545,2017,109060544
Malaysia,Sabah,7372091,2017,33842106
Malaysia,Pahang,3585238,2017,40962541
Malaysia,Johor,1911485,2017,16722163
Malaysia,Kelantan,1513205,2017,14333971
Malaysia,Perak,2091110,2017,10829565
Malaysia,Terengganu,1288895,2017,8798471
Malaysia,Negeri Sembilan,666738,2017,7330371
Malaysia,Kedah,951787,2017,10250117
Malaysia,Selangor,782443,2017,3100241
Malaysia,Melaka,165403,2017,1866030
Malaysia,Pulau Pinang,105622,2017,133247
Malaysia,Perlis,82349,2017,177435
Malaysia,Kuala Lumpur,27198,2017,54600
Malaysia,Labuan,9066,2017,20015
Malaysia,Putrajaya,6173,2017,13633
Malaysia,Sarawak,12379545,2018,98992412
Malaysia,Sabah,7372091,2018,30871759
Malaysia,Pahang,3585238,2018,31837425
Malaysia,Johor,1911485,2018,11669352
Malaysia,Kelantan,1513205,2018,16709363
Malaysia,Perak,2091110,2018,8194107
Malaysia,Terengganu,1288895,2018,7785161
Malaysia,Negeri Sembilan,666738,2018,6174179
Malaysia,Kedah,951787,2018,8404860
Malaysia,Selangor,782443,2018,3369929
Malaysia,Melaka,165403,2018,1768802
Malaysia,Pulau Pinang,105622,2018,85190
Malaysia,Perlis,82349,2018,109162
Malaysia,Kuala Lumpur,27198,2018,36194
Malaysia,Labuan,9066,2018,16358
Malaysia,Putrajaya,6173,2018,13919
Malaysia,Sarawak,12379545,2019,79985029
Malaysia,Sabah,7372091,2019,26467419
Malaysia,Pahang,3585238,2019,30060307
Malaysia,Johor,1911485,2019,11492822
Malaysia,Kelantan,1513205,2019,19215005
Malaysia,Perak,2091110,2019,8080205
Malaysia,Terengganu,1288895,2019,7430061
Malaysia,Negeri Sembilan,666738,2019,4796904
Malaysia,Kedah,951787,2019,6893634
Malaysia,Selangor,782443,2019,2897072
Malaysia,Melaka,165403,2019,1877576
Malaysia,Pulau Pinang,105622,2019,84421
Malaysia,Perlis,82349,2019,126378
Malaysia,Kuala Lumpur,27198,2019,16472
Malaysia,Labuan,9066,2019,10357
Malaysia,Putrajaya,6173,2019,9516
Malaysia,Sarawak,12379545,2020,46688536
Malaysia,Sabah,7372091,2020,20562367
Malaysia,Pahang,3585238,2020,22824586
Malaysia,Johor,1911485,2020,7982444
Malaysia,Kelantan,1513205,2020,10893225
Malaysia,Perak,2091110,2020,6420773
Malaysia,Terengganu,1288895,2020,4582375
Malaysia,Negeri Sembilan,666738,2020,3383042
Malaysia,Kedah,951787,2020,5029638
Malaysia,Selangor,782443,2020,1733194
Malaysia,Melaka,165403,2020,1039320
Malaysia,Pulau Pinang,105622,2020,77488
Malaysia,Perlis,82349,2020,159911
Malaysia,Kuala Lumpur,27198,2020,6270
Malaysia,Labuan,9066,2020,16944
Malaysia,Putrajaya,6173,2020,6416
Malaysia,Sarawak,12379545,2021,45653199
Malaysia,Sabah,7372091,2021,21207572
Malaysia,Pahang,3585238,2021,23278271
Malaysia,Johor,1911485,2021,7901281
Malaysia,Kelantan,1513205,2021,13107446
Malaysia,Perak,2091110,2021,7681938
Malaysia,Terengganu,1288895,2021,4889039
Malaysia,Negeri Sembilan,666738,2021,3740996
Malaysia,Kedah,951787,2021,4312246
Malaysia,Selangor,782443,2021,2816861
Malaysia,Melaka,165403,2021,943834
Malaysia,Pulau Pinang,105622,2021,89066
Malaysia,Perlis,82349,2021,97765
Malaysia,Kuala Lumpur,27198,2021,11037
Malaysia,Labuan,9066,2021,16950
Malaysia,Putrajaya,6173,2021,12774
Malaysia,Sarawak,12379545,2022,47435841
Malaysia,Sabah,7372091,2022,20153878
Malaysia,Pahang,3585238,2022,16098470
Malaysia,Johor,1911485,2022,6046323
Malaysia,Kelantan,1513205,2022,12323633
Malaysia,Perak,2091110,2022,5380044
Malaysia,Terengganu,1288895,2022,6214182
Malaysia,Negeri Sembilan,666738,2022,2788519
Malaysia,Kedah,951787,2022,3372310
Malaysia,Selangor,782443,2022,1394662
Malaysia,Melaka,165403,2022,796033
Malaysia,Pulau Pinang,105622,2022,73630
Malaysia,Perlis,82349,2022,144106
Malaysia,Kuala Lumpur,27198,2022,6327
Malaysia,Labuan,9066,2022,22610
Malaysia,Putrajaya,6173,2022,5868